"ansNO";"answer";"posted_by";"date_time";"quesNO"
22;"Advanced Programming Concepts";"RG01";"12-11-2016 12:09:06";"12"
23;"Thank you ";"RG01";"12-11-2016 12:09:16";"12"
24;"Qwerty";"RE01";"12-11-2016 12:15:17";"14"
25;"Fall 2016";"Ravi Ekambaram";"12-11-2016 16:01:18";"15"
26;"Algorithms ";"Ravi Ekambaram";"12-11-2016 19:11:07";"16"
27;"Welcome Stanis";"Sundar Pichai";"12-12-2016 13:12:46";"18"
28;"answer1";"Harish S";"12-12-2016 14:08:48";"19"
29;"Hi Ram Kumar, welcome";"Sundar Pichai";"12-12-2016 23:06:18";"21"
30;"how are you";"Ravi Ekambaram";"12-14-2016 10:56:33";"22"
31;"hey hey hey";"Yashna Parikh";"12-14-2016 23:41:58";"23"
32;"Hello Haarish";"Sundar Pichai";"12-15-2016 15:17:45";"20"
33;"This is Q2";"Harish S";"12-15-2016 15:50:22";"25"
